LoaiBaiViet,TGĐang,SoNguoiTC,TongLC,TongNTT,TongCXBLCS
Ảnh,19:00,50773.0,4382.0,4588.0,6883.051666666666
Video,20:28,258958.0,12647.0,17030.0,5934.0
Video,21:08,315843.0,28243.0,31086.0,5643.0
Ảnh,20:57,234696.0,17071.0,18083.0,4230.0
Ảnh,21:22,108932.0,13886.0,15025.0,2727.0
Ảnh,21:57,33857.0,19025.241465445462,2511.0,1825.0
Video,07:56,807927.0,52967.0,61008.0,14875.0
Ảnh,08:40,146770.0,46664.0,37517.0,6359.0
Ảnh,12:12,81262.0,9063.0,9132.0,2188.0
Ảnh,14:39,218420.0,29687.0,27088.0,2888.0
Ảnh,18:02,102950.0,4127.0,5418.0,2471.0
Video,10:39,164058.0,8589.0,10940.0,4100.0
Video,14:49,431890.0,25413.0,31788.0,8780.0
Video,19:16,336040.0,25768.0,28001.0,5583.0
Ảnh,20:00,60677.0,2809.0,3808.0,1354.0
Ảnh,21:03,46039.0,2635.0,3808.0,1765.0
Video,10:59,56731.0,3034.0,3365.0,6883.051666666666
Ảnh,16:01,118050.0,11295.0,13300.0,5857.0
Ảnh,16:27,64657.0,7331.0,8092.0,3293.0
Ảnh,17:30,99504.0,5736.0,9801.0,5719.0
Ảnh,19:00,76916.0,19025.241465445462,6457.0,4760.0
Video,20:45,161619.0,12924.0,14023.0,2867.0
Ảnh,11:03,12573.0,19025.241465445462,1358.0,1136.0
Video,11:59,77034.0,2380.0,3159.0,1021.0
Ảnh,12:10,127635.0,11483.0,11572.0,3246.0
Video,16:36,683870.0,53934.0,67115.0,6883.051666666666
Ảnh,17:36,89147.0,5591.0,7754.0,4106.0
Video,18:50,216405.0,14157.0,15516.0,5046.0
Video,19:00,389986.0,21546.0,24993.0,6716.0
Ảnh,19:31,91777.0,5691.0,7789.0,3583.0
Ảnh,20:07,1020196.0,140477.0,154251.0,62710.0
Ảnh,20:31,40409.0,1040.0,1410.0,759.0
Ảnh,21:01,32931.0,19025.241465445462,2267.0,1714.0
Video,11:50,332136.0,23443.0,30383.0,11139.0
Ảnh,15:30,39706.0,2274.0,3269.0,2014.0
Ảnh,16:13,105070.0,9667.0,12099.0,4277.0
Video,19:08,153369.0,18968.0,20891.0,5594.0
Ảnh,06:49,807791.0,64509.0,68041.0,19144.0
Ảnh,12:47,136146.0,7390.0,9347.0,4114.0
Video,17:34,41407.0,3192.0,3471.0,6883.051666666666
Ảnh,20:50,52153.0,1900.0,4816.0,3422.0
Ảnh,21:00,312894.0,28911.0,36157.0,14276.0
Ảnh,21:30,42079.0,19025.241465445462,3360.0,1502.0
Ảnh,21:49,114117.0,7157.0,10648.0,4607.0
Ảnh,23:24,144600.0,33388.0,29840.0,4610.0
Video,09:57,42021.0,2161.0,2921.0,1067.0
Ảnh,10:30,50082.0,6814.0,7005.0,1365.0
Video,11:07,119561.0,5474.0,8883.0,4603.0
Ảnh,15:00,67020.0,3074.0,5186.0,2739.0
Video,19:31,46338.0,1861.0,2904.0,6883.051666666666
Ảnh,21:09,114430.0,12865.0,13868.0,3133.0
Video,16:22,133481.0,19025.241465445462,10514.0,3745.0
Video,17:51,213243.0,12132.0,16494.0,5278.0
Ảnh,14:01,137404.0,5800.0,10077.0,5789.0
Ảnh,15:04,74578.0,5097.0,7063.0,3323.0
Video,18:23,98370.0,9624.0,9769.0,1119.0
Ảnh,19:02,41141.0,3858.0,5147.0,2323.0
Ảnh,20:04,37706.0,1786.0,2700.0,1331.0
Video,10:54,67877.0,4463.0,5262.0,1428.0
Ảnh,16:46,117884.0,4205.0,8390.0,5288.0
Ảnh,18:00,80610.0,19025.241465445462,4505.0,2333.0
Ảnh,18:35,735733.0,81591.0,90006.0,33843.0
Ảnh,12:04,370547.0,52434.0,49125.0,6003.0
Ảnh,19:04,440323.0,15898.0,32125.0,22945.0
Ảnh,20:07,75773.0,3737.0,3996.0,1330.0
Ảnh,21:00,42253.0,1381.0,2252.0,1084.0
Ảnh,13:00,23613.0,19025.241465445462,1794.0,6883.051666666666
Video,14:19,84367.0,6864.0,7279.0,1490.0
Ảnh,15:08,216513.0,32856.0,33451.0,9990.0
Ảnh,15:24,200231.0,26778.0,25682.0,4360.0
Ảnh,19:58,127827.0,19400.0,19677.0,5419.0
Video,09:20,80465.0,3878.0,5445.0,2092.0
Video,10:01,73109.0,3394.0,4090.0,6883.051666666666
Ảnh,13:04,122521.0,15248.0,15562.0,3652.0
Ảnh,14:02,29209.0,2499.0,3099.0,1254.0
Video,14:58,74544.0,3911.0,6006.0,2776.0
Ảnh,17:00,100691.0,19025.241465445462,7554.0,4774.0
Video,18:31,645446.0,43829.0,52322.0,15305.0
Ảnh,21:00,186972.0,17868.0,21058.0,8841.0
Ảnh,20:26,245278.0,29689.0,29861.0,6300.0
Ảnh,20:57,71468.0,8354.0,8128.0,1543.0
Ảnh,21:09,86753.0,10236.0,10090.0,3084.0
Video,21:16,433898.0,39407.0,42390.0,9767.0
Ảnh,01:33,111502.0,39962.0,32661.0,7018.0
Ảnh,08:18,112016.0,7387.0,10640.0,5246.0
Ảnh,09:37,55688.0,3023.0,4219.0,6883.051666666666
Ảnh,13:40,47593.0,19025.241465445462,5818.0,2646.0
Ảnh,18:13,51296.0,2885.0,4025.0,6883.051666666666
Ảnh,20:00,179953.0,12811.0,17847.0,8768.0
Ảnh,10:41,49472.0,1711.0,2700.0,6883.051666666666
Video,12:55,278442.0,17727.0,20056.0,4703.0
Ảnh,17:00,282363.0,13784.0,17454.0,8999.0
Ảnh,18:00,135221.0,7200.0,10216.0,5092.0
Ảnh,20:00,98564.0,7646.0,8443.0,2644.0
Ảnh,20:30,136596.0,13376.0,16314.0,6374.0
Video,11:02,535698.0,47340.0,46768.0,7609.0
Ảnh,14:24,30751.0,2390.0,2827.0,1176.0
Ảnh,20:15,26321.0,19025.241465445462,20827.715662650604,1557.0
Ảnh,20:57,42664.0,3494.0,4061.0,6883.051666666666
Ảnh,21:30,67880.0,4051.0,5883.0,3446.0
Ảnh,07:41,71047.0,15773.0,16086.0,3727.0
Video,08:29,120222.0,7016.0,9953.0,3697.0
Video,10:58,75551.0,3592.0,3927.0,6883.051666666666
Ảnh,10:30,36524.0,5637.0,5483.0,980.0
Ảnh,13:31,17836.0,460.0,883.0,547.0
Ảnh,13:31,17836.0,460.0,20827.715662650604,547.0
Ảnh,13:30,363830.0,145741.0,104086.0,3825.0
Ảnh,14:00,28925.0,1427.0,2121.0,6883.051666666666
Video,15:50,624151.0,52266.0,54562.0,13369.0
Ảnh,16:26,92852.0,12997.0,12058.0,2273.0
Ảnh,16:56,64847.0,8513.0,9151.0,2291.0
Video,18:00,433739.0,40834.0,39748.0,6243.0
Ảnh,19:00,146034.0,25286.0,23593.0,3727.0
Video,19:43,222081.0,16843.0,18376.0,3201.0
Video,21:44,41536.0,19025.241465445462,1426.0,487.0
Ảnh,07:20,272679.0,50804.0,47295.0,9340.0
Ảnh,10:41,58348.0,9389.0,9997.0,2497.0
Ảnh,12:41,8572.0,19025.241465445462,2057.0,1920.0
Ảnh,13:00,39709.0,6377.0,6055.0,6883.051666666666
Ảnh,14:27,135557.0,57890.0,38695.0,4527.0
Ảnh,17:45,91439.0,15242.0,17339.0,7516.0
Video,14:37,175005.0,12298.0,15451.0,5837.0
Ảnh,21:30,94757.0,3984.0,4827.0,1624.0
Ảnh,10:21,569551.0,65618.0,70453.0,23949.0
Ảnh,11:00,38710.0,19025.241465445462,4349.0,1226.0
Video,12:05,2391344.0,279338.0,278626.0,56093.0
Ảnh,15:03,7045.0,19025.241465445462,2113.0,1896.0
Video,12:44,26632.0,1444.0,1711.0,483.0
Ảnh,15:57,72744.0,2788.0,3847.0,1642.0
Ảnh,17:00,77372.0,5689.0,6812.0,1847.0
Video,16:32,219529.0,16006.0,17680.0,3625.0
Video,11:14,18182.0,19025.241465445462,1078.0,6883.051666666666
Ảnh,12:04,369040.0,45346.0,47252.0,9649.0
Video,17:52,78837.0,10723.0,11384.0,2389.0
Video,19:26,29366.0,1736.0,2437.0,6883.051666666666
Ảnh,20:07,48309.0,19025.241465445462,3381.0,1122.0
Ảnh,20:42,388067.0,20848.0,20799.0,3489.0
Video,12:07,275432.0,18078.0,23056.0,7896.0
Ảnh,17:03,29178.0,19025.241465445462,1331.0,6883.051666666666
Ảnh,19:07,166831.0,7061.0,10499.0,5305.0
Ảnh,19:30,50965.0,19025.241465445462,2033.0,6883.051666666666
Ảnh,20:01,109717.0,10575.0,10774.0,2426.0
Ảnh,20:30,25526.0,516.0,1006.0,632.0
Ảnh,21:00,19299.0,19025.241465445462,1141.0,513.0
Video,12:09,71948.0,6140.0,6563.0,1343.0
Ảnh,12:35,94681.0,3183.0,4902.0,2659.0
Video,18:36,111127.0,9885.0,10303.0,1754.0
Ảnh,21:00,121604.0,4979.0,7664.0,4033.0
Ảnh,21:30,49537.0,1646.0,2408.0,1233.0
Video,09:45,171039.0,7301.0,13407.0,7477.0
Video,13:37,22932.0,19025.241465445462,1487.0,6883.051666666666
Ảnh,18:00,61102.0,1613.0,2491.0,1325.0
Ảnh,20:03,56049.0,2417.0,4112.0,2684.0
Ảnh,08:43,191587.0,6049.0,11933.0,7998.0
Video,10:27,53981.0,4554.0,5276.0,6883.051666666666
Ảnh,14:09,216996.0,9025.0,13858.0,7924.0
Ảnh,17:57,121630.0,8410.0,10658.0,4880.0
Video,20:00,432403.0,26613.0,32145.0,10991.0
Ảnh,21:00,544741.0,29110.0,40602.0,16792.0
Video,10:49,188821.0,20566.0,20678.0,4616.0
Ảnh,12:10,27316.0,19025.241465445462,1414.0,677.0
Video,15:25,51367.0,5320.0,5656.0,1365.0
Ảnh,20:05,80182.0,2047.0,3821.0,2192.0
Ảnh,20:30,234510.0,9290.0,14741.0,7699.0
Video,10:09,80555.0,4364.0,5132.0,1099.0
Ảnh,13:28,38388.0,19025.241465445462,2900.0,6883.051666666666
Ảnh,15:07,37102.0,1829.0,3360.0,2507.0
Ảnh,17:39,111417.0,5901.0,7438.0,3170.0
Ảnh,08:59,35552.0,4594.0,5569.0,2535.0
Ảnh,15:00,131969.0,5617.0,6858.0,2273.0
Video,18:00,132549.0,7944.0,8676.0,1414.0
Ảnh,20:59,185791.0,18038.0,19636.0,5943.0
Video,12:22,486553.0,28283.0,32348.0,8533.0
Ảnh,13:57,16469.0,19025.241465445462,1345.0,6883.051666666666
Ảnh,13:31,85498.0,8549.0,10209.0,3669.0
Ảnh,14:00,127044.0,12129.0,15122.0,6540.0
Ảnh,14:30,105535.0,6728.0,8973.0,3967.0
Ảnh,15:00,160517.0,10433.0,12680.0,5224.0
Ảnh,15:30,167902.0,10901.0,15625.0,7585.0
Video,18:37,46262.0,2481.0,3221.0,1173.0
Ảnh,19:00,465587.0,52795.0,42419.0,3009.0
Ảnh,20:00,200364.0,24056.0,25928.0,9884.0
Ảnh,12:04,80097.0,3009.0,5391.0,3197.0
Ảnh,15:00,29210.0,19025.241465445462,20827.715662650604,6883.051666666666
Ảnh,16:57,127443.0,5298.0,8780.0,5016.0
Video,17:22,35664.0,19025.241465445462,2057.0,1092.0
Ảnh,19:00,35462.0,1705.0,2464.0,1228.0
Ảnh,20:00,19099.0,19025.241465445462,1131.0,6883.051666666666
Video,21:24,38001.0,1713.0,2577.0,1096.0
Video,18:18,240244.0,16878.0,17519.0,3170.0
Ảnh,12:06,6659.0,19025.241465445462,1550.0,1328.0
Video,12:45,171090.0,9667.0,11790.0,3651.0
Ảnh,17:38,212376.0,19384.0,23376.0,8906.0
Ảnh,12:00,190648.0,13363.0,14359.0,2797.0
Video,12:22,298617.0,16868.0,20454.0,5510.0
Ảnh,13:30,271981.0,7961.0,12000.0,5763.0
Ảnh,16:33,154123.0,11989.0,14885.0,6217.0
Ảnh,17:00,540951.0,52416.0,54220.0,10610.0
Ảnh,18:00,40949.0,19025.241465445462,3360.0,2147.0
Video,19:18,87205.0,5465.0,7027.0,2328.0
Ảnh,19:30,493327.0,27031.0,31280.0,10999.0
Ảnh,19:48,30616.0,2711.0,3192.0,977.0
Ảnh,19:58,378262.0,65020.0,60383.0,6268.0
Ảnh,20:09,133149.0,9304.0,11988.0,5021.0
Ảnh,20:18,25631.0,19025.241465445462,1714.0,6883.051666666666
Ảnh,20:31,148247.0,9887.0,13147.0,5652.0
Ảnh,22:03,289244.0,32191.0,34726.0,6121.0
Ảnh,14:16,46724.0,5741.0,5722.0,6883.051666666666
Ảnh,15:28,93534.0,3782.0,7945.0,5716.0
Ảnh,19:00,29147.0,1458.0,2017.0,978.0
Ảnh,20:00,23447.0,272.0,1318.0,1117.0
Ảnh,20:30,420377.0,55324.0,58848.0,20046.0
Video,09:50,211621.0,27868.0,27604.0,2657.0
Ảnh,17:00,12935.0,19025.241465445462,20827.715662650604,6883.051666666666
Video,17:44,602030.0,47900.0,53234.0,9463.0
Ảnh,18:00,52652.0,19025.241465445462,2298.0,1167.0
Video,19:00,119327.0,5311.0,7352.0,2839.0
Video,19:24,81090.0,4118.0,5181.0,1496.0
Video,19:30,164316.0,10056.0,11026.0,2224.0
Ảnh,20:00,110785.0,8527.0,10830.0,5032.0
Video,20:30,272707.0,9787.0,16412.0,8516.0
Ảnh,21:00,254220.0,15414.0,19702.0,11075.0
Ảnh,21:34,1040662.0,62512.0,99840.0,58860.0
Ảnh,22:05,88837.0,4143.0,8453.0,5542.0
Video,09:38,64682.0,1892.0,3154.0,1552.0
Ảnh,10:00,126131.0,9494.0,10721.0,2630.0
Video,10:41,320384.0,18110.0,20706.0,7040.0
Ảnh,11:18,127586.0,7295.0,9886.0,4566.0
Ảnh,13:20,103508.0,5854.0,5713.0,1345.0
Ảnh,15:56,232773.0,15467.0,19152.0,6232.0
Ảnh,17:00,202277.0,2513.0,3954.0,1844.0
Ảnh,20:23,224627.37346437346,19025.241465445462,1242.0,491.0
Ảnh,20:59,180351.0,9309.0,14114.0,8032.0
Ảnh,21:30,41006.0,19025.241465445462,1337.0,673.0
Ảnh,11:10,246043.0,15769.0,22472.0,11373.0
Ảnh,11:49,96457.0,3909.0,7247.0,4641.0
Video,13:04,29643.0,19025.241465445462,2057.0,529.0
Video,15:00,585579.0,40732.0,50616.0,16727.0
Video,17:00,162617.0,8246.0,12801.0,6326.0
Video,18:22,90714.0,6643.0,7179.0,1798.0
Ảnh,20:16,26662.0,816.0,1330.0,727.0
Video,11:45,609601.0,38408.0,46917.0,20029.0
Video,12:19,43741.0,2859.0,3708.0,1401.0
Ảnh,19:15,81633.0,2791.0,5508.0,3418.0
Ảnh,21:10,224627.37346437346,2085.0,3499.0,2041.0
Ảnh,21:32,87109.0,1592.0,3428.0,2348.0
Ảnh,09:26,81171.0,9009.0,11757.0,5652.0
Ảnh,11:59,61007.0,2610.0,3444.0,6883.051666666666
Ảnh,12:30,272827.0,17473.0,18523.0,4143.0
Video,13:43,300909.0,21439.0,23784.0,5679.0
Ảnh,15:26,224627.37346437346,19025.241465445462,2252.0,1164.0
Video,16:00,200805.0,14434.0,17970.0,6377.0
Video,10:41,514622.0,50445.0,54581.0,14914.0
Video,19:00,224627.37346437346,2513.0,3235.0,1036.0
Ảnh,20:30,208621.0,19432.0,23244.0,10217.0
Ảnh,21:00,72910.0,1808.0,2757.0,1528.0
Ảnh,21:30,54557.0,3909.0,6411.0,3402.0
Ảnh,20:01,106507.0,7253.0,10190.0,5062.0
Ảnh,16:45,17794.0,493.0,1171.0,816.0
Video,21:05,200031.0,6991.0,9098.0,2692.0
Ảnh,20:38,58955.0,6045.0,6512.0,1346.0
Ảnh,20:26,62957.0,6536.0,8110.0,2855.0
Ảnh,19:00,115621.0,7494.0,9651.0,3880.0
Video,18:00,22407.0,685.0,1044.0,469.0
Ảnh,17:32,72397.0,5013.0,6356.0,2686.0
Ảnh,16:50,128815.0,4942.0,6982.0,2963.0
Ảnh,22:00,224627.37346437346,19025.241465445462,1877.0,1171.0
Ảnh,21:36,122862.0,3786.0,7629.0,5404.0
Ảnh,21:00,89091.0,3143.0,4924.0,2669.0
Ảnh,20:11,395196.0,49188.0,46845.0,6296.0
Ảnh,07:58,605220.0,31970.0,44193.0,20131.0
Ảnh,00:09,109204.0,6267.0,9106.0,4929.0
Ảnh,22:34,109846.0,6009.0,9231.0,5576.0
Ảnh,21:30,224627.37346437346,1552.0,3136.0,2126.0
Ảnh,21:00,112785.0,4942.0,6285.0,2294.0
Ảnh,20:28,11235.0,19025.241465445462,20827.715662650604,6883.051666666666
Ảnh,20:00,45436.0,1344.0,2049.0,1150.0
Ảnh,19:00,198368.0,12112.0,16303.0,7466.0
Video,12:17,568856.0,46514.0,49162.0,8670.0
Ảnh,20:00,52590.0,2994.0,4924.0,2541.0
Ảnh,19:00,48682.0,2540.0,2768.0,6883.051666666666
Ảnh,18:13,343979.0,14579.0,26452.0,17117.0
Ảnh,15:13,80001.0,8405.0,9699.0,3292.0
Ảnh,19:00,23543.0,837.0,1758.0,1133.0
Ảnh,18:00,116643.0,3685.0,6299.0,3751.0
Video,15:18,88110.0,5024.0,6355.0,2392.0
Ảnh,14:00,282928.0,9428.0,11512.0,4284.0
Ảnh,20:22,402932.0,16168.0,22302.0,10342.0
Ảnh,17:00,263842.0,26262.0,26519.0,5107.0
Ảnh,16:00,126340.0,4084.0,6381.0,3134.0
Ảnh,18:00,655192.0,26848.0,36434.0,17548.0
Ảnh,17:00,305658.0,7771.0,11297.0,4806.0
Ảnh,16:00,224627.37346437346,1002.0,1880.0,1114.0
Video,12:48,1138900.0,113063.0,121244.0,24284.0
Ảnh,11:24,1097975.0,108975.0,116902.0,36819.0
Video,14:32,37534.0,2221.0,2827.0,821.0
Ảnh,21:47,180648.0,1974.0,4417.0,3112.0
Ảnh,21:33,181922.0,1590.0,2749.0,1417.0
Ảnh,19:49,148415.0,4299.0,6283.0,2740.0
Ảnh,20:00,956199.0,32728.0,37091.0,12487.0
Video,13:13,224627.37346437346,74522.0,77432.0,15926.0
Video,21:00,1863222.0,151856.0,156538.0,31532.0
Ảnh,05:02,2528938.0,85246.0,115506.0,51976.0
Ảnh,17:30,578692.0,8510.0,9994.0,2876.0
Ảnh,17:00,186028.0,10107.0,10273.0,1752.0
Video,12:52,18972.0,711.0,1046.0,6883.051666666666
Ảnh,23:00,518836.0,30658.0,35726.0,15222.0
Ảnh,22:24,39829.0,1263.0,1925.0,1009.0
Ảnh,21:11,154513.0,3341.0,5739.0,2922.0
Ảnh,20:29,2991299.0,290365.0,284440.0,39922.0
Video,18:00,1310993.0,97386.0,108749.0,24913.0
Video,17:00,977004.0,110503.0,107948.0,12686.0
Video,15:56,205717.0,23362.0,23403.0,2842.0
Ảnh,12:02,721540.0,19256.0,35050.0,24061.0
Video,11:25,91175.0,6441.0,6748.0,1038.0
Ảnh,22:11,606028.0,54466.0,57251.0,10392.0
Ảnh,20:54,919749.0,133967.0,134326.0,28867.0
Ảnh,20:20,224627.37346437346,6346.0,7188.0,2719.0
Ảnh,19:34,386707.0,28938.0,33883.0,8975.0
Ảnh,18:00,39811.0,425.0,985.0,645.0
Ảnh,17:30,497653.0,22230.0,29532.0,12911.0
Ảnh,17:00,1077861.0,28923.0,59810.0,44877.0
Ảnh,16:00,91539.0,3547.0,4324.0,1466.0
Ảnh,15:00,73721.0,6315.0,6715.0,1641.0
Ảnh,13:59,34456.0,731.0,1789.0,1243.0
Video,10:52,140877.0,11773.0,11572.0,2335.0
Ảnh,22:48,1075393.0,108310.0,138297.0,65231.0
Ảnh,22:15,734170.0,13475.0,18076.0,6220.0
Ảnh,21:00,111742.0,3456.0,5379.0,2527.0
Ảnh,20:35,214562.0,13452.0,15187.0,4806.0
Ảnh,19:59,14808.0,826.0,2074.0,1569.0
Ảnh,18:14,426605.0,40724.0,38899.0,4632.0
Video,16:31,245714.0,14751.0,19940.0,8704.0
Ảnh,14:58,224627.37346437346,3195.0,3840.0,1420.0
Ảnh,13:35,438641.0,28672.0,34703.0,13092.0
Video,19:02,675319.0,42701.0,51279.0,15438.0
Ảnh,21:19,53231.0,1443.0,2711.0,1725.0
Ảnh,20:42,169639.0,6351.0,8065.0,2996.0
Ảnh,19:43,370875.0,32914.0,36188.0,9999.0
Ảnh,18:33,91419.0,3865.0,5220.0,2184.0
Ảnh,18:00,139274.0,3738.0,7098.0,4548.0
Ảnh,15:55,466467.0,24196.0,34949.0,20418.0
Ảnh,21:30,77138.0,7238.0,7432.0,1217.0
Ảnh,21:01,224627.37346437346,2601.0,3827.0,2267.0
Ảnh,20:34,56695.0,1941.0,3880.0,2875.0
Ảnh,21:00,43038.0,19025.241465445462,1887.0,1153.0
Ảnh,17:38,1741439.0,74823.0,107034.0,59714.0
Ảnh,17:17,233236.0,7103.0,13271.0,9239.0
Ảnh,12:34,37226.0,2682.0,3543.0,1476.0
Ảnh,12:14,163119.0,7968.0,8610.0,2464.0
Ảnh,23:29,62385.0,2672.0,3757.0,1869.0
Ảnh,22:42,30072.0,1126.0,1562.0,6883.051666666666
Ảnh,22:10,264009.0,13284.0,16434.0,6608.0
Video,21:30,161116.0,11996.0,13366.0,2844.0
Ảnh,21:00,49555.0,1414.0,2711.0,1696.0
Ảnh,20:55,91209.0,7512.0,11762.0,7303.0
Ảnh,20:57,134424.0,10655.0,16210.0,9411.0
Ảnh,20:54,1102206.0,52442.0,55900.0,10708.0
Ảnh,10:44,74235.0,2661.0,3648.0,1860.0
Ảnh,22:34,75999.0,5359.0,6521.0,2353.0
Video,21:04,350317.0,34228.0,35351.0,5074.0
Ảnh,20:45,200475.0,11128.0,15150.0,7886.0
Ảnh,20:30,50270.0,2887.0,3589.0,1291.0
Ảnh,20:16,718861.0,142521.0,133032.0,12538.0
Video,16:19,179068.0,8364.0,10137.0,6883.051666666666
Ảnh,17:50,545934.0,27336.0,32480.0,15634.0
Ảnh,17:00,1316683.0,182477.0,183177.0,36644.0
Ảnh,16:08,703269.0,86091.0,88044.0,16734.0
Video,15:49,27176.0,1044.0,1189.0,224.0
Video,13:00,20522.0,19025.241465445462,730.0,6883.051666666666
Video,12:00,246339.0,16761.0,21214.0,6570.0
Ảnh,11:10,647765.0,60729.0,72740.0,25165.0
Ảnh,10:49,1194073.0,168006.0,177372.0,43963.0
Ảnh,00:03,335710.0,47261.0,48570.0,14135.0
Ảnh,21:24,107896.0,9166.0,10804.0,4154.0
Video,21:09,54817.0,2750.0,3131.0,594.0
Video,20:55,169458.0,17144.0,16681.0,1539.0
Video,20:31,20732.0,816.0,1140.0,485.0
Ảnh,18:29,200779.0,8447.0,15239.0,9489.0
Video,18:13,1699666.0,149643.0,160386.0,43799.0
Ảnh,17:31,801083.0,121908.0,117399.0,9216.0
Video,16:30,9112.0,201.0,253.0,6883.051666666666
Video,16:05,66627.0,4108.0,4806.0,1213.0
Ảnh,15:38,1406805.0,212302.0,192879.0,17999.0
Video,12:26,76422.0,5878.0,6378.0,1135.0
Ảnh,11:44,638125.0,53360.0,71568.0,33884.0
Ảnh,10:22,100109.0,6222.0,9872.0,5788.0
Ảnh,22:53,47086.0,1490.0,2243.0,1105.0
Ảnh,21:39,168791.0,7698.0,11866.0,6520.0
Ảnh,21:23,42010.0,3414.0,4105.0,1292.0
Video,21:06,224627.37346437346,19025.241465445462,189.0,87.0
Ảnh,20:01,100650.0,4597.0,9064.0,6594.0
Ảnh,19:00,364917.0,19329.0,23982.0,7858.0
Ảnh,18:20,224627.37346437346,5690.0,7004.0,2731.0
Video,17:33,11432.0,265.0,383.0,6883.051666666666
Video,16:39,221247.0,12000.0,18345.0,8806.0
Ảnh,12:17,81150.0,8015.0,9122.0,2691.0
Ảnh,11:33,53308.0,6078.0,7804.0,2800.0
Ảnh,09:55,316007.0,15311.0,18155.0,6847.0
Ảnh,21:00,45906.0,2971.0,3572.0,1426.0
Video,19:59,20815.0,968.0,1100.0,284.0
Ảnh,18:37,48643.0,2227.0,2648.0,1010.0
Video,11:54,22415.0,996.0,1333.0,515.0
Video,11:35,68544.0,4028.0,4827.0,1431.0
Video,08:59,8558.0,171.0,284.0,151.0
Ảnh,20:00,7787.0,72.0,310.0,257.0
Ảnh,19:30,189370.0,12320.0,13111.0,3308.0
Ảnh,19:00,800415.0,38456.0,55472.0,27149.0
Ảnh,18:22,132696.0,5802.0,8550.0,4710.0
Video,15:00,36504.0,1811.0,2609.0,1055.0
Video,12:07,19026.0,779.0,979.0,264.0
Video,11:37,18287.0,1081.0,1212.0,230.0
Ảnh,11:04,44593.0,4827.0,6650.0,3804.0
Ảnh,10:11,130221.0,5876.0,10897.0,6942.0
Video,21:58,20386.0,1433.0,1476.0,219.0
Ảnh,20:33,442763.0,24540.0,34238.0,15754.0
Ảnh,19:30,224627.37346437346,381.0,723.0,465.0
Video,18:30,176213.0,12954.0,14720.0,3305.0
Ảnh,17:59,485171.0,16446.0,20101.0,6928.0
Ảnh,17:40,174409.0,12851.0,18351.0,8824.0
Ảnh,17:00,292637.0,27119.0,31417.0,15499.0
Ảnh,16:02,49198.0,4082.0,4924.0,1544.0
Ảnh,15:23,41822.0,2902.0,4243.0,2107.0
Video,10:53,337506.0,39359.0,39073.0,4600.0
Ảnh,20:55,12625.0,280.0,518.0,311.0
Video,19:54,41875.0,1262.0,1410.0,275.0
Video,18:35,27746.0,1328.0,1573.0,344.0
Ảnh,18:00,462929.0,26240.0,40505.0,26303.0
Video,17:30,13503.0,328.0,619.0,384.0
Video,15:37,1284749.0,125528.0,129757.0,25307.0
Video,15:00,18318.0,938.0,1194.0,459.0
Ảnh,12:45,122176.0,8609.0,12984.0,6850.0
Video,12:05,2130265.0,100470.0,131760.0,53427.0
Video,11:35,104061.0,5078.0,5906.0,1390.0
Ảnh,11:00,32367.0,6998.0,7525.0,2459.0
Ảnh,22:35,32311.0,554.0,923.0,480.0
Video,21:22,224627.37346437346,103.0,142.0,53.0
Ảnh,21:00,178306.0,12188.0,13823.0,4372.0
Video,20:37,224627.37346437346,261.0,319.0,6883.051666666666
Video,20:00,63211.0,3933.0,4251.0,756.0
Video,19:30,236254.0,17133.0,18266.0,2256.0
Ảnh,19:00,501192.0,74417.0,75686.0,16045.0
Ảnh,17:39,113113.0,7678.0,8897.0,2192.0
Ảnh,16:11,20570.0,1816.0,2184.0,787.0
Ảnh,15:13,189885.0,11539.0,11619.0,1871.0
Ảnh,11:30,19071.0,864.0,1560.0,888.0
Ảnh,11:00,232097.0,19285.0,23641.0,11022.0
Ảnh,08:40,1740222.0,246213.0,234073.0,48106.0
Ảnh,22:23,58167.0,2862.0,3211.0,987.0
Ảnh,19:05,1335437.0,208763.0,204792.0,33112.0
Video,18:30,181264.0,8490.0,12851.0,5441.0
Ảnh,17:43,53598.0,4067.0,4859.0,1330.0
Ảnh,17:00,83150.0,5640.0,6751.0,2162.0
Ảnh,16:11,552421.0,93790.0,95492.0,24578.0
Ảnh,15:30,34382.0,2203.0,2616.0,704.0
Ảnh,14:50,812152.0,21746.0,46762.0,33511.0
Ảnh,13:00,49318.0,3893.0,4694.0,1649.0
Ảnh,12:53,171466.0,14963.0,19503.0,9698.0
Video,23:10,170647.0,6934.0,12817.0,6878.0
Video,22:00,55446.0,1930.0,3982.0,2623.0
Ảnh,21:30,275750.0,15838.0,26497.0,16296.0
Ảnh,21:05,38755.0,1575.0,1472.0,266.0
Video,21:00,71035.0,2535.0,5253.0,2845.0
Ảnh,20:30,100050.0,6449.0,8279.0,3596.0
Ảnh,20:00,73562.0,7166.0,7693.0,2423.0
Video,19:00,4163266.0,968623.0,896944.0,246641.0
Ảnh,18:30,56086.0,2231.0,3355.0,1683.0
Ảnh,16:43,57767.0,4068.0,6383.0,3423.0
Ảnh,15:30,115505.0,4934.0,6810.0,3452.0
Ảnh,12:35,63336.0,3011.0,6355.0,4118.0
Ảnh,11:15,106402.0,5754.0,8638.0,4664.0
Ảnh,23:08,30203.0,1314.0,1794.0,6883.051666666666
Video,22:42,299981.0,25583.0,25918.0,4571.0
Ảnh,21:15,117422.0,5653.0,11645.0,8495.0
Ảnh,20:00,110455.0,5107.0,10916.0,8121.0
Video,19:17,23436.0,678.0,1666.0,1169.0
Video,13:15,97221.0,5289.0,8424.0,4196.0
Ảnh,12:07,280915.0,21552.0,32596.0,16262.0
Ảnh,11:18,90364.0,3931.0,8772.0,6405.0
Video,10:20,82767.0,3383.0,6303.0,3438.0
Ảnh,10:00,35649.0,1149.0,1756.0,940.0
Video,09:58,225643.0,11993.0,17889.0,7867.0
Ảnh,09:00,222236.0,26774.0,33704.0,13641.0
Video,22:00,86079.0,4820.0,5866.0,1669.0
Ảnh,18:11,70540.0,1634.0,3968.0,2829.0
Ảnh,17:05,40147.0,1444.0,3961.0,3109.0
Ảnh,20:45,63248.0,6021.0,10077.0,6511.0
Ảnh,20:40,249174.0,7444.0,16524.0,11823.0
Ảnh,20:37,89331.0,10532.0,13613.0,7197.0
Video,20:30,15833.0,588.0,974.0,539.0
Ảnh,18:30,19016.0,719.0,1454.0,955.0
Video,18:00,21810.0,1001.0,1550.0,729.0
Ảnh,17:30,25235.0,1503.0,3279.0,2389.0
Ảnh,17:00,43877.0,2779.0,3045.0,782.0
Ảnh,12:35,390030.0,25815.0,36234.0,19652.0
Ảnh,23:38,56766.0,2937.0,4674.0,2674.0
Ảnh,22:20,79827.0,8402.0,10053.0,4541.0
Ảnh,21:33,328148.0,38064.0,41995.0,18374.0
Ảnh,21:25,57721.0,4331.0,6819.0,3581.0
Ảnh,21:06,69612.0,6477.0,7579.0,2343.0
Ảnh,19:30,50064.0,4893.0,6603.0,3507.0
Ảnh,19:00,43062.0,752.0,1068.0,486.0
Ảnh,18:30,20963.0,512.0,1117.0,763.0
Ảnh,18:00,677022.0,45025.0,50453.0,17558.0
Video,16:45,277157.0,26755.0,29132.0,6306.0
Ảnh,16:13,33281.0,1924.0,2549.0,964.0
Ảnh,13:30,7216.0,140.0,290.0,182.0
Ảnh,13:00,15881.0,726.0,1021.0,490.0
Ảnh,12:00,65742.0,6143.0,6244.0,1466.0
Ảnh,11:30,507213.0,62879.0,62837.0,12165.0
Ảnh,10:53,354078.0,33125.0,40924.0,17309.0
Ảnh,09:54,224627.37346437346,652.0,1462.0,1079.0
Ảnh,21:50,43508.0,1039.0,2441.0,1678.0
Ảnh,20:30,21071.0,1053.0,1117.0,274.0
Video,19:30,161481.0,12822.0,13829.0,3188.0
Ảnh,19:06,16725.0,406.0,728.0,428.0
Ảnh,18:00,218225.0,20954.0,20406.0,4751.0
Ảnh,17:30,20850.0,633.0,1207.0,795.0
Ảnh,17:00,124471.0,8785.0,10715.0,3861.0
Ảnh,15:40,10984.0,196.0,420.0,263.0
Ảnh,15:00,331234.0,44839.0,48766.0,14832.0
Video,12:35,224627.37346437346,892.0,1081.0,267.0
Ảnh,11:53,1753014.0,119530.0,150394.0,60889.0
Ảnh,11:12,451600.0,66596.0,68161.0,15769.0
Video,22:10,194359.0,14563.0,16881.0,4911.0
Video,20:41,56380.0,2956.0,3294.0,727.0
Ảnh,19:51,55223.0,2872.0,3732.0,1466.0
Ảnh,19:00,307315.0,39563.0,38821.0,5242.0
Video,18:30,80882.0,3262.0,4551.0,1708.0
Video,18:01,223327.0,8669.0,24613.0,19116.0
Video,15:00,153126.0,4365.0,12915.0,9735.0
Ảnh,14:00,80608.0,4612.0,5596.0,1813.0
Ảnh,12:00,1170258.0,94673.0,103563.0,39720.0
Ảnh,11:04,277741.0,42018.0,38951.0,6543.0
Ảnh,09:56,7851.0,182.0,543.0,446.0
Video,21:30,6551.0,157.0,295.0,174.0
Ảnh,21:14,25695.0,633.0,1086.0,583.0
Ảnh,21:00,74478.0,6583.0,8815.0,3623.0
Ảnh,20:31,81301.0,5541.0,7225.0,3176.0
Video,20:25,46953.0,2223.0,2715.0,771.0
Video,20:07,839954.0,90637.0,89997.0,6535.0
Ảnh,19:00,224627.37346437346,2478.0,2704.0,845.0
Ảnh,18:26,116748.0,5695.0,10912.0,6887.0
Ảnh,17:40,40583.0,1110.0,1560.0,711.0
Video,21:30,35053.0,1253.0,2427.0,1479.0
Ảnh,21:00,47209.0,1744.0,2707.0,1413.0
Video,20:33,63702.0,2797.0,4816.0,2451.0
Video,20:00,759590.0,65516.0,65419.0,8912.0
Ảnh,19:18,224627.37346437346,1709.0,3085.0,1993.0
Ảnh,17:20,1501841.0,138015.0,148105.0,34633.0
Ảnh,16:31,113251.0,4886.0,9615.0,6538.0
Ảnh,12:10,19914.0,959.0,1145.0,6883.051666666666
Ảnh,11:40,69544.0,8804.0,9354.0,3214.0
Ảnh,10:56,44378.0,1979.0,3555.0,2413.0
Ảnh,21:35,220544.0,18498.0,24972.0,13040.0
Video,21:12,72133.0,3040.0,4408.0,1975.0
Video,20:52,75469.0,4423.0,6805.0,3148.0
Video,20:11,121824.0,6869.0,10203.0,5017.0
Video,12:20,50956.0,1786.0,3880.0,2326.0
Video,11:00,157811.0,3939.0,11069.0,8616.0
Ảnh,10:05,155896.0,21216.0,22688.0,4272.0
Ảnh,22:27,138423.0,13924.0,15696.0,5170.0
Ảnh,21:56,33910.0,1061.0,2124.0,1452.0
Ảnh,21:26,121062.0,5040.0,7865.0,4159.0
Ảnh,20:56,112978.0,6364.0,10193.0,5595.0
Video,20:33,738075.0,72270.0,72438.0,12530.0
Ảnh,19:49,75382.0,3457.0,6379.0,4340.0
Ảnh,13:00,202893.0,26025.0,29874.0,8944.0
Video,12:00,38341.0,1152.0,2800.0,1965.0
Ảnh,10:25,138227.0,12381.0,14373.0,4806.0
Ảnh,22:07,31480.0,1425.0,1675.0,563.0
Ảnh,21:30,100844.0,5108.0,9222.0,6264.0
Ảnh,20:57,26944.0,1032.0,1537.0,866.0
Video,20:26,224627.37346437346,945.0,1220.0,6883.051666666666
Ảnh,19:32,701182.0,89991.0,92518.0,21188.0
Ảnh,17:33,2643041.0,423795.0,377620.0,64252.0
Ảnh,15:40,58543.0,2738.0,5547.0,3552.0
Ảnh,14:00,26402.0,1010.0,1657.0,936.0
Ảnh,12:42,21492.0,19025.241465445462,1355.0,912.0
Ảnh,11:42,234731.0,16057.0,25225.0,15150.0
Ảnh,21:00,496253.0,38794.0,42044.0,9972.0
Ảnh,20:30,224627.37346437346,1279.0,2803.0,1955.0
Ảnh,20:00,70789.0,3595.0,5642.0,3130.0
Video,18:54,80745.0,6187.0,6957.0,1666.0
Ảnh,18:00,91345.0,3012.0,5300.0,3066.0
Ảnh,17:00,163429.0,16162.0,16760.0,3182.0
Video,12:42,32995.0,1099.0,1628.0,698.0
Ảnh,12:09,247379.0,22595.0,25595.0,7241.0
Video,22:30,77450.0,3449.0,4754.0,1639.0
Ảnh,21:39,425073.0,35495.0,44797.0,18608.0
Ảnh,21:00,60730.0,5024.0,5245.0,1537.0
Video,19:00,129263.0,10354.0,11170.0,1903.0
Ảnh,18:00,42684.0,1952.0,2904.0,1542.0
Ảnh,13:00,1185535.0,83122.0,89590.0,31597.0
Ảnh,10:53,228667.0,10144.0,21411.0,16750.0
Ảnh,21:37,59093.0,1712.0,3067.0,1721.0
Ảnh,21:30,119254.0,13983.0,16888.0,5905.0
Video,21:03,177962.0,11634.0,11366.0,791.0
Video,20:30,46783.0,1563.0,3601.0,2435.0
Ảnh,20:00,98768.0,4999.0,6184.0,2567.0
Video,20:00,71262.0,3220.0,4487.0,1886.0
Video,19:00,87910.0,3618.0,6900.0,4098.0
Video,19:30,61592.0,2184.0,3595.0,1785.0
Ảnh,17:34,43618.0,2206.0,3225.0,1669.0
Video,17:00,70693.0,2066.0,3847.0,1967.0
Ảnh,13:07,14890.0,19025.241465445462,674.0,572.0
Video,09:33,16543.0,262.0,707.0,517.0
Ảnh,09:00,97288.0,3231.0,5992.0,3492.0
Ảnh,22:08,353051.0,32036.0,37567.0,16127.0
Video,20:30,191419.0,7888.0,15613.0,8830.0
Video,20:00,1100096.0,128706.0,122097.0,9731.0
Video,19:31,114306.0,5051.0,8621.0,4848.0
Video,21:00,69197.0,2125.0,4588.0,2860.0
Ảnh,20:30,258849.0,16760.0,28430.0,16490.0
Video,15:00,35624.0,1345.0,3299.0,2341.0
Ảnh,14:31,48986.0,2813.0,3654.0,1717.0
Video,13:15,161221.0,12148.0,13518.0,2129.0
Ảnh,20:30,69092.0,9020.0,8782.0,2308.0
Ảnh,10:05,21058.0,616.0,872.0,398.0
Ảnh,21:43,218217.0,14605.0,15810.0,3512.0
Ảnh,21:00,110570.0,4303.0,9527.0,7370.0
Ảnh,20:41,17906.0,292.0,509.0,283.0
Ảnh,20:00,224627.37346437346,1456.0,2917.0,1957.0
Ảnh,19:12,232223.0,16110.0,24701.0,14596.0
Ảnh,18:29,73497.0,2902.0,6044.0,4247.0
Video,18:00,45311.0,2581.0,2967.0,823.0
Video,13:22,62592.0,2305.0,3555.0,1899.0
Ảnh,10:21,100019.0,5704.0,8967.0,4818.0
Ảnh,22:18,111999.0,9477.0,12396.0,6065.0
Video,21:48,10593.0,82.0,295.0,226.0
Ảnh,20:21,28617.0,544.0,1194.0,767.0
Ảnh,18:56,44960.0,2374.0,3802.0,2061.0
Ảnh,12:47,378866.0,64307.0,58733.0,5062.0
Video,10:00,48166.0,3284.0,4704.0,1921.0
Ảnh,09:00,253525.0,15251.0,17826.0,6251.0
Ảnh,08:00,123221.0,5819.0,10418.0,6514.0
Ảnh,00:32,311500.0,27457.0,30108.0,10725.0
Ảnh,00:18,52967.0,2705.0,4478.0,2439.0
Ảnh,22:52,59267.0,3873.0,6546.0,4240.0
Ảnh,22:15,298591.0,52123.0,50270.0,9907.0
Ảnh,22:30,119749.0,13100.0,15475.0,5280.0
Ảnh,21:57,319237.0,22131.0,20357.0,4396.0
Ảnh,21:00,224627.37346437346,8155.0,8002.0,970.0
Video,20:42,201261.0,15207.0,15641.0,2323.0
Ảnh,20:30,7993.0,44.0,76.0,6883.051666666666
Video,20:00,54547.0,3536.0,3840.0,815.0
Video,19:38,183857.0,21131.0,20430.0,2036.0
Video,18:00,342516.0,31503.0,30443.0,2648.0
Ảnh,16:54,536554.0,56912.0,54221.0,14602.0
Video,16:00,54485.0,2334.0,5284.0,3367.0
Ảnh,15:00,101096.0,3894.0,6933.0,4385.0
Ảnh,12:46,265785.0,8591.0,12924.0,6658.0
Video,11:54,1033978.0,130867.0,129383.0,14076.0
Ảnh,09:00,185367.0,8120.0,14023.0,9266.0
Ảnh,21:37,60145.0,4042.0,4946.0,1864.0
Video,21:00,194037.0,10934.0,10732.0,1494.0
Video,19:57,17753.0,490.0,575.0,156.0
Video,19:47,69025.0,2785.0,3654.0,1101.0
Video,18:00,53707.0,2963.0,6400.0,4855.0
Video,16:29,773519.0,65159.0,67809.0,11279.0
Video,15:45,169884.0,10221.0,10653.0,1419.0
Ảnh,12:21,253170.0,23211.0,25902.0,9006.0
Ảnh,12:00,224627.37346437346,887.0,1150.0,435.0
Ảnh,10:59,66660.0,2651.0,3690.0,1602.0
Ảnh,21:00,717104.0,105949.0,96361.0,7855.0
Ảnh,20:00,374877.0,46407.0,45354.0,10983.0
Video,12:58,14344.0,19025.241465445462,665.0,290.0
Ảnh,17:32,122010.0,8863.0,10254.0,3739.0
Video,16:03,499778.0,29857.0,33822.0,7138.0
Video,12:51,55584.0,2595.0,2545.0,465.0
Ảnh,09:00,66382.0,1075.0,4157.0,3709.0
Video,06:00,55424.0,1912.0,5240.0,3628.0
Video,21:00,193265.0,11423.0,11822.0,1247.0
Ảnh,20:35,825942.0,96218.0,101484.0,33879.0
Video,19:30,345304.0,22465.0,22951.0,3474.0
Ảnh,18:34,28802.0,2298.0,2427.0,6883.051666666666
Video,18:00,77697.0,7563.0,8501.0,3254.0
Ảnh,17:04,414622.0,40972.0,44816.0,12688.0
Ảnh,08:58,111799.0,1673.0,2937.0,1956.0
Video,21:45,173963.0,13201.0,13153.0,1724.0
Video,19:29,473995.0,59519.0,56140.0,7273.0
Video,09:45,217667.0,12546.0,14453.0,3631.0
Video,18:42,109632.0,4684.0,5139.0,1209.0
Ảnh,10:00,228529.0,21220.0,25945.0,10362.0
Ảnh,18:21,80541.0,18892.0,17976.0,4234.0
Ảnh,23:18,218381.0,9017.0,12667.0,6632.0
Ảnh,19:00,69568.0,3032.0,4785.0,2651.0
Ảnh,18:00,866238.0,38906.0,49666.0,18929.0
Ảnh,17:06,130619.0,16266.0,18751.0,7411.0
Ảnh,15:25,224627.37346437346,19025.241465445462,460.0,6883.051666666666
Video,12:46,686111.0,46787.0,54539.0,18210.0
Video,12:31,141073.0,5870.0,6910.0,1728.0
Video,10:00,378320.0,25156.0,27769.0,5756.0
Video,20:00,603898.0,88172.0,79846.0,6569.0
Video,19:08,105748.0,7671.0,7941.0,1417.0
Video,18:33,105484.0,5446.0,8127.0,3606.0
Ảnh,18:03,34013.0,2394.0,3168.0,1209.0
Ảnh,17:36,167104.0,5991.0,9354.0,5325.0
Ảnh,17:01,18029.0,470.0,788.0,375.0
Ảnh,12:27,47126.0,2419.0,3085.0,1322.0
Ảnh,23:05,269543.0,31014.0,32998.0,10611.0
Ảnh,22:45,182444.0,7693.0,10783.0,5436.0
Ảnh,22:35,75233.0,4240.0,6882.0,4179.0
Ảnh,22:09,178000.0,13985.0,19896.0,10532.0
Ảnh,21:07,59244.0,2792.0,4645.0,2644.0
Video,20:12,98422.0,3285.0,5889.0,3194.0
Ảnh,20:00,185003.0,9894.0,15356.0,8926.0
Ảnh,19:58,111881.0,3824.0,5962.0,3419.0
Video,19:00,104545.0,5659.0,6511.0,1542.0
Video,18:31,129503.0,7973.0,8371.0,1426.0
Video,18:00,89848.0,3608.0,8547.0,5698.0
Video,17:00,94927.0,8921.0,11912.0,5209.0
Video,16:20,59030.0,2362.0,4551.0,2782.0
Ảnh,13:20,419095.0,10101.0,18737.0,13905.0
Video,11:51,343667.0,20933.0,21536.0,4245.0
Video,19:00,794312.0,52022.0,65247.0,24009.0
Ảnh,18:00,344599.0,16258.0,28854.0,17791.0
Ảnh,16:51,451572.0,41146.0,49285.0,20584.0
Ảnh,16:00,64330.0,5140.0,6547.0,3426.0
Video,15:00,62710.0,2942.0,3145.0,663.0
Ảnh,20:12,55921.0,2036.0,2531.0,1101.0
Ảnh,11:00,89760.0,15645.0,15854.0,6012.0
Video,20:00,208874.0,10356.0,12236.0,2925.0
Ảnh,19:00,100303.0,8671.0,9892.0,3031.0
Video,18:30,498352.0,31907.0,33702.0,5705.0
Video,18:00,619212.0,42230.0,50269.0,15910.0
Ảnh,16:52,58657.0,3250.0,3221.0,620.0
Ảnh,16:13,154677.0,5114.0,6978.0,3059.0
Ảnh,11:18,254637.0,28538.0,24715.0,2281.0
Ảnh,10:26,143373.0,5760.0,8330.0,4113.0
Ảnh,21:00,42183.0,3388.0,3455.0,663.0
Ảnh,20:30,126997.0,3399.0,8935.0,7538.0
Video,20:00,417638.0,25446.0,31526.0,10251.0
Ảnh,19:00,396993.0,55524.0,52169.0,10620.0
Ảnh,18:34,39128.0,822.0,1760.0,1180.0
Video,17:44,165483.0,6090.0,10866.0,6193.0
Ảnh,17:00,91589.0,4971.0,7129.0,3738.0
Ảnh,15:38,114898.0,3394.0,4165.0,1456.0
Video,13:00,111311.0,4746.0,5262.0,1095.0
Video,11:48,134609.0,6034.0,6968.0,1516.0
Ảnh,13:30,107991.0,5038.0,9912.0,6724.0
Video,15:13,693153.0,35397.0,46880.0,16930.0
Ảnh,19:24,17848.0,19025.241465445462,825.0,495.0
Ảnh,09:10,25550.0,1097.0,1539.0,712.0
Video,11:00,36514.0,1033.0,4478.0,3969.0
Ảnh,11:30,470744.0,50939.0,58426.0,25351.0
Ảnh,12:00,244423.0,29965.0,27663.0,4667.0
Video,16:56,38271.0,1385.0,1933.0,921.0
Ảnh,18:06,19748.0,215.0,589.0,440.0
Ảnh,20:05,126303.0,8632.0,11363.0,6134.0
Ảnh,20:25,50936.0,2471.0,3527.0,1673.0
Ảnh,21:00,1165666.0,60456.0,86114.0,41555.0
Video,17:33,47165.0,2022.0,2360.0,725.0
Video,18:01,91330.0,5022.0,5844.0,1489.0
Ảnh,18:30,31690.0,851.0,1679.0,1125.0
Video,20:00,68037.0,4063.0,4324.0,1050.0
Video,20:47,50427.0,1553.0,1961.0,893.0
Ảnh,21:17,42025.0,1141.0,1282.0,329.0
Ảnh,21:45,245211.0,36734.0,36061.0,9308.0
Ảnh,22:28,411623.0,44176.0,48165.0,16159.0
Ảnh,23:23,46290.0,1714.0,2060.0,851.0
Ảnh,09:00,51212.0,2318.0,5227.0,3551.0
Ảnh,15:00,6626.0,19025.241465445462,353.0,324.0
Ảnh,16:00,418718.0,40864.0,51267.0,22675.0
Ảnh,16:28,96896.0,8003.0,9658.0,3700.0
Ảnh,17:00,45950.0,1378.0,2563.0,1550.0
Video,17:30,108565.0,6742.0,7627.0,2054.0
Ảnh,18:00,88726.0,6916.0,8999.0,3700.0
Ảnh,19:06,31794.0,2168.0,2634.0,1005.0
Ảnh,20:00,55791.0,2990.0,4744.0,2669.0
Ảnh,20:30,112486.0,9316.0,12484.0,6235.0
Video,21:21,13975.0,578.0,975.0,509.0
Ảnh,09:00,155462.0,10060.0,17548.0,10732.0
Video,09:37,17451.0,785.0,1177.0,6883.051666666666
Ảnh,10:00,649897.0,23733.0,42190.0,27539.0
Ảnh,10:21,268565.0,38607.0,37629.0,5556.0
Ảnh,11:08,99809.0,3945.0,7977.0,5505.0
Video,15:30,160460.0,9317.0,14734.0,7519.0
Ảnh,15:56,78509.0,2275.0,4924.0,3729.0
Video,16:30,99836.0,10185.0,11630.0,2921.0
Ảnh,17:04,101974.0,3455.0,5340.0,2420.0
Ảnh,18:02,29904.0,774.0,1240.0,651.0
Ảnh,19:43,1410755.0,88122.0,112527.0,51889.0
Ảnh,22:19,70843.0,10644.0,10102.0,3283.0
Video,09:59,106617.0,6954.0,7362.0,1746.0
Video,11:58,110805.0,5702.0,8787.0,4622.0
Video,12:14,160787.0,7045.0,9506.0,3581.0
Video,18:09,506948.0,18706.0,28360.0,13234.0
Ảnh,19:00,257284.0,15048.0,15996.0,4089.0
Video,22:45,61066.0,3356.0,3893.0,1115.0
Ảnh,11:33,60729.0,3303.0,5678.0,3490.0
Ảnh,12:13,119397.0,4995.0,7791.0,4437.0
Video,17:40,271889.0,12294.0,15304.0,4950.0
Video,18:00,291313.0,17407.0,20142.0,5542.0
Ảnh,18:31,12972.0,277.0,564.0,361.0
Ảnh,19:00,59535.0,1339.0,2648.0,1909.0
Video,19:30,70374.0,2976.0,5349.0,2770.0
Video,20:00,58613.0,1828.0,4203.0,2720.0
Video,20:30,185648.0,8393.0,14977.0,8372.0
Video,21:00,117486.0,4669.0,8513.0,4486.0
Video,21:30,85946.0,3487.0,5665.0,2656.0
Video,12:20,75392.0,4664.0,6519.0,2574.0
Ảnh,18:03,48696.0,1857.0,3684.0,2458.0
Video,18:31,111311.0,8672.0,10589.0,3648.0
Ảnh,19:04,112562.0,6252.0,9307.0,4831.0
Ảnh,21:00,31955.0,2081.0,2389.0,766.0
Ảnh,21:30,30004.0,1304.0,2090.0,1225.0
Video,22:10,223623.0,13620.0,15724.0,4701.0
Ảnh,10:56,37312.0,2750.0,3360.0,1411.0
Ảnh,11:12,41455.0,3542.0,3764.0,1127.0
Ảnh,12:08,30681.0,1102.0,1772.0,988.0
Ảnh,16:00,88313.0,4136.0,5540.0,2167.0
Ảnh,17:17,16276.0,470.0,1194.0,961.0
Ảnh,18:34,19208.0,335.0,687.0,428.0
Ảnh,20:10,18565.0,1341.0,1448.0,332.0
Ảnh,20:30,32285.0,790.0,1702.0,1155.0
Ảnh,21:00,75123.0,4363.0,5923.0,2588.0
Ảnh,21:30,26585.0,1614.0,1779.0,547.0
Ảnh,13:00,28966.0,1120.0,2427.0,1664.0
Ảnh,14:53,201786.0,15403.0,18087.0,6729.0
Ảnh,15:56,42972.0,2643.0,3197.0,1335.0
Ảnh,17:00,95533.0,6773.0,10973.0,6369.0
Video,18:19,62713.0,4233.0,5432.0,2376.0
Ảnh,19:00,165099.0,11295.0,13146.0,5436.0
Ảnh,21:13,126483.0,26166.0,25140.0,6232.0
Ảnh,21:40,141426.0,18673.0,19870.0,5422.0
Ảnh,22:34,141547.0,17066.0,19457.0,6191.0
Ảnh,22:50,78474.0,8769.0,9802.0,3376.0
Ảnh,23:22,73565.0,2684.0,5501.0,3778.0
Ảnh,08:00,86533.0,8159.0,12179.0,7351.0
Ảnh,08:20,27868.0,1543.0,2322.0,1263.0
Ảnh,09:00,189445.0,28192.0,28770.0,5346.0
Video,12:59,85920.0,4278.0,6432.0,3017.0
Ảnh,14:00,51834.0,1145.0,1698.0,843.0
Ảnh,14:58,50803.0,2809.0,4291.0,2239.0
Video,15:30,74914.0,3302.0,5151.0,2439.0
Ảnh,16:36,64998.0,5705.0,6619.0,2968.0
Ảnh,16:56,28680.0,1118.0,2213.0,1442.0
Ảnh,18:00,29747.0,402.0,1005.0,754.0
Video,18:27,74148.0,2499.0,4795.0,2830.0
Ảnh,19:00,140761.0,24884.0,23309.0,2895.0
Ảnh,20:17,61508.0,2486.0,4616.0,2917.0
Video,20:44,42841.0,1532.0,2525.0,1148.0
Video,20:59,41239.0,1299.0,1892.0,884.0
Ảnh,21:36,41474.0,1482.0,3466.0,2455.0
Ảnh,22:34,34920.0,5383.0,6117.0,2073.0
Ảnh,22:42,183954.0,26917.0,26998.0,6620.0
Ảnh,22:53,68272.0,2402.0,4913.0,3479.0
Ảnh,09:13,175653.0,12279.0,14546.0,5547.0
Ảnh,11:04,86828.0,8519.0,9798.0,3067.0
Ảnh,11:24,139493.0,7435.0,10393.0,5275.0
Ảnh,13:00,18522.0,19025.241465445462,775.0,446.0
Ảnh,15:00,206154.0,35327.0,33919.0,6460.0
Video,15:31,318449.0,18708.0,21506.0,5155.0
Video,18:00,27114.0,442.0,585.0,229.0
Ảnh,18:33,244822.0,20913.0,25689.0,11342.0
Ảnh,19:59,150103.0,20153.0,21769.0,6765.0
Ảnh,20:40,52079.0,5602.0,5848.0,1668.0
Ảnh,09:46,199506.0,11228.0,20595.0,14666.0
Video,11:40,78872.0,4486.0,5238.0,1230.0
Video,12:42,284902.0,11644.0,17188.0,7738.0
Ảnh,17:56,373169.0,19861.0,20826.0,5850.0
Video,18:51,52997.0,1367.0,2332.0,1190.0
Video,18:55,56732.0,1808.0,3450.0,1890.0
Video,19:00,151180.0,6149.0,12084.0,6975.0
Video,20:00,563535.0,42708.0,51226.0,17754.0
Video,11:20,144035.0,7678.0,9162.0,2563.0
Ảnh,13:00,76741.0,3946.0,5666.0,2833.0
Ảnh,14:41,25544.0,1131.0,1668.0,735.0
Video,15:07,23628.0,971.0,1240.0,6883.051666666666
Ảnh,16:00,145095.0,11279.0,14621.0,6270.0
Video,16:30,49249.0,2051.0,2392.0,619.0
Ảnh,17:01,969590.0,48949.0,86486.0,52408.0
Ảnh,17:30,85145.0,6854.0,9542.0,5122.0
Ảnh,19:00,203817.0,13422.0,13833.0,4475.0
Ảnh,20:00,164293.0,15142.0,17704.0,5622.0
Ảnh,21:00,84319.0,4835.0,6345.0,2582.0
Video,21:30,163430.0,13256.0,14402.0,3239.0
Video,09:28,159654.0,9652.0,13101.0,5342.0
Video,10:23,10345.0,272.0,453.0,285.0
Video,11:30,227007.0,14601.0,16470.0,4913.0
Video,14:50,232308.0,11142.0,14516.0,5264.0
Video,15:55,116832.0,7673.0,8304.0,1558.0
Video,16:49,122962.0,9640.0,11499.0,3507.0
Ảnh,17:53,350863.0,15068.0,15417.0,4028.0
Video,18:28,149116.0,6883.0,8405.0,2037.0
Ảnh,19:00,243395.0,23267.0,26211.0,7710.0
Video,19:32,458514.0,21837.0,34394.0,16767.0
Ảnh,20:01,91104.0,3421.0,5712.0,3175.0
Ảnh,20:30,69465.0,2994.0,7136.0,5336.0
Ảnh,21:02,14249.0,561.0,651.0,6883.051666666666
Ảnh,21:30,29733.0,1391.0,1639.0,706.0
Video,22:07,207348.0,14942.0,15771.0,2905.0
Video,08:48,206637.0,13128.0,18250.0,7710.0
Ảnh,10:36,26946.0,684.0,1586.0,1134.0
Ảnh,11:00,9168.0,182.0,498.0,399.0
Ảnh,12:00,108088.0,7421.0,11261.0,5646.0
Ảnh,14:32,24854.0,852.0,1347.0,651.0
Video,14:58,115028.0,7370.0,7537.0,1173.0
Ảnh,16:00,18199.0,3086.0,2823.0,774.0
Video,16:33,283049.0,18166.0,20375.0,5210.0
Video,17:00,421097.0,25136.0,30785.0,9430.0
Ảnh,18:00,18681.0,537.0,834.0,453.0
Ảnh,18:30,13303.0,234.0,507.0,339.0
Ảnh,19:30,73433.0,4516.0,6189.0,2615.0
Ảnh,19:00,13775.0,447.0,569.0,284.0
Ảnh,20:00,21063.0,538.0,900.0,509.0
Ảnh,20:30,29148.0,1157.0,1956.0,1069.0
Ảnh,20:44,83035.0,3237.0,4980.0,2529.0
Ảnh,21:00,224627.37346437346,19025.241465445462,730.0,478.0
Video,21:16,360666.0,17560.0,29107.0,16377.0
Video,21:30,233593.0,10898.0,18735.0,9865.0
Ảnh,22:00,36158.0,1170.0,2347.0,1506.0
Ảnh,11:31,133132.0,5070.0,6183.0,2055.0
Ảnh,12:05,19218.0,834.0,1295.0,683.0
Ảnh,15:00,66454.0,10009.0,10636.0,2488.0
Ảnh,15:36,87716.0,6953.0,8271.0,3031.0
Video,16:00,409004.0,14439.0,26379.0,13864.0
Video,17:00,252420.0,15065.0,19272.0,6796.0
Ảnh,18:00,13197.0,231.0,353.0,174.0
Ảnh,19:00,162316.0,35167.0,32145.0,5188.0
Ảnh,19:30,38247.0,1630.0,2627.0,1532.0
Ảnh,20:01,26288.0,560.0,1152.0,727.0
Ảnh,21:00,186289.0,15514.0,15766.0,2659.0
Ảnh,22:38,27560.0,3724.0,4127.0,941.0
Ảnh,23:36,70386.0,2461.0,5854.0,4453.0
Ảnh,18:32,44866.0,1587.0,3488.0,2318.0
Video,20:02,202004.0,12505.0,16141.0,6840.0
Ảnh,20:35,29808.0,665.0,1533.0,1090.0
Video,21:00,120114.0,9319.0,9853.0,2192.0
Ảnh,12:28,20317.0,527.0,2255.0,2030.0
Ảnh,17:19,102967.0,7392.0,10420.0,4921.0
Ảnh,18:32,100608.0,3960.0,8405.0,5826.0
Ảnh,19:06,44801.0,1651.0,2641.0,1545.0
Video,20:00,178683.0,6726.0,11882.0,6203.0
Ảnh,21:00,123665.0,9208.0,12619.0,6543.0
Ảnh,22:23,192495.0,9040.0,16506.0,11205.0
Ảnh,09:44,70076.0,8743.0,9167.0,2173.0
Ảnh,10:22,156909.0,23678.0,27600.0,12623.0
Ảnh,11:00,99981.0,8616.0,12936.0,6911.0
Ảnh,12:00,261597.0,10862.0,21155.0,14954.0
Ảnh,12:39,192175.0,7674.0,15037.0,10454.0
Ảnh,16:00,62447.0,7445.0,7557.0,1429.0
Ảnh,17:00,68880.0,5504.0,8075.0,4093.0
Video,18:00,318737.0,14105.0,17802.0,6014.0
Ảnh,18:30,39656.0,3450.0,4744.0,2098.0
Video,19:00,87501.0,3971.0,5186.0,1678.0
Ảnh,19:30,185733.0,20313.0,23131.0,9804.0
Ảnh,20:07,126157.0,17258.0,19234.0,7349.0
Ảnh,20:29,41754.0,5934.0,8144.0,4327.0
Ảnh,20:45,62691.0,2993.0,7868.0,5871.0
Ảnh,21:05,488533.0,33412.0,45877.0,26310.0
Ảnh,21:20,209138.0,12270.0,22176.0,14946.0
Ảnh,21:37,129452.0,7695.0,13837.0,8941.0
Ảnh,21:54,180388.0,16746.0,21690.0,11218.0
Ảnh,07:41,73892.0,4562.0,8326.0,5643.0
Ảnh,09:00,88867.0,8889.0,10944.0,5270.0
Ảnh,10:00,171416.0,20490.0,25298.0,12287.0
Ảnh,11:00,98927.0,9506.0,12241.0,5805.0
Video,12:00,117046.0,5248.0,9288.0,5142.0
Video,16:14,269691.0,11410.0,17750.0,8216.0
Video,16:40,193660.0,14880.0,16218.0,3987.0
Video,17:20,83892.0,4537.0,5398.0,1428.0
Video,18:00,464380.0,38250.0,37457.0,4749.0
Ảnh,18:30,67428.0,4807.0,5871.0,1826.0
Video,18:57,68678.0,2892.0,5745.0,3321.0
Ảnh,19:30,120250.0,5139.0,10062.0,7340.0
Video,19:57,207563.0,10144.0,19018.0,12960.0
Ảnh,20:29,94027.0,8406.0,9409.0,3189.0
Video,21:00,105653.0,6400.0,8781.0,3835.0
Ảnh,21:26,167138.0,25987.0,22934.0,3823.0
Ảnh,10:51,94054.0,10997.0,12375.0,4706.0
Ảnh,02:00,18014.0,1006.0,974.0,193.0
Video,00:12,462600.0,19357.0,29749.0,14901.0
Ảnh,17:00,119084.0,6910.0,10369.0,5719.0
Ảnh,18:00,13383.0,172.0,337.0,192.0
Ảnh,18:30,201868.0,8477.0,13681.0,8535.0
Ảnh,19:00,224627.37346437346,2818.0,3381.0,1410.0
Ảnh,19:30,271108.0,25713.0,30304.0,11744.0
Ảnh,20:00,19826.0,615.0,854.0,389.0
Ảnh,20:30,245399.0,5818.0,15248.0,11273.0
Video,21:00,358989.0,18066.0,30503.0,15690.0
Video,21:30,168611.0,6381.0,11871.0,7152.0
Ảnh,22:00,759188.0,10550.0,22249.0,18838.0
Ảnh,09:54,343742.0,45216.0,48495.0,8872.0
Ảnh,10:55,63611.0,1759.0,2584.0,1079.0
Ảnh,15:51,118695.0,12803.0,12335.0,2914.0
Ảnh,16:36,60528.0,2942.0,3968.0,1849.0
Ảnh,18:13,20380.0,563.0,923.0,6883.051666666666
Ảnh,19:00,44374.0,1612.0,2170.0,860.0
Video,19:30,366460.0,16180.0,26218.0,13491.0
Video,20:00,50851.0,1887.0,3345.0,1769.0
Ảnh,09:25,447862.0,26861.0,36333.0,18922.0
Ảnh,20:27,40999.0,1340.0,1751.0,709.0
Video,20:50,424196.0,18241.0,35917.0,21576.0
Video,18:12,147374.0,7562.0,10062.0,3601.0
Ảnh,18:35,255698.0,10390.0,11298.0,2303.0
Ảnh,19:00,223342.0,2486.0,3187.0,941.0
Ảnh,20:00,230851.0,6118.0,7784.0,3192.0
Ảnh,21:00,19110.0,301.0,1029.0,830.0
Ảnh,07:26,46028.0,2140.0,4112.0,2728.0
Ảnh,10:00,82640.0,7917.0,10926.0,6190.0
Ảnh,12:00,257391.0,31165.0,32964.0,10768.0
Video,13:07,229037.0,21737.0,23921.0,4522.0
Video,17:32,68128.0,2063.0,4541.0,2822.0
Video,18:01,100923.0,7952.0,9123.0,2779.0
Ảnh,19:02,48041.0,1071.0,3827.0,3164.0
Ảnh,20:30,205301.0,11594.0,13425.0,4972.0
Ảnh,21:00,34535.0,930.0,1173.0,468.0
Video,20:10,1151207.0,68839.0,82930.0,30040.0
Ảnh,11:00,57928.0,3896.0,5389.0,2457.0
Ảnh,12:25,238875.0,17478.0,23528.0,10464.0
Video,15:07,221658.0,14721.0,15945.0,4488.0
Video,18:00,608618.0,66121.0,71199.0,15495.0
Ảnh,18:32,121293.0,6610.0,7862.0,3112.0
Ảnh,20:08,20747.0,534.0,778.0,461.0
Ảnh,20:28,356390.0,34969.0,36269.0,6695.0
Video,21:02,817593.0,42703.0,52304.0,14337.0
Ảnh,13:00,15427.0,122.0,383.0,292.0
Ảnh,16:55,292159.0,31374.0,32860.0,6840.0
Ảnh,18:00,32487.0,2281.0,2444.0,543.0
Ảnh,19:00,30663.0,2166.0,3450.0,2149.0
Ảnh,19:30,15560.0,90.0,368.0,302.0
Video,20:00,147167.0,8966.0,11684.0,4747.0
Video,20:00,174614.0,10380.0,13062.0,5313.0
Ảnh,21:00,81473.0,2025.0,4068.0,2787.0
Video,21:00,149891.0,7349.0,11211.0,5346.0
Video,21:30,647377.0,38623.0,43721.0,11009.0
Ảnh,09:45,159313.0,21117.0,24631.0,10327.0
Ảnh,11:17,81744.0,5850.0,6919.0,2200.0
Ảnh,12:15,13173.0,296.0,569.0,330.0
Ảnh,17:38,20447.0,582.0,1164.0,734.0
Ảnh,18:42,84694.0,4813.0,6402.0,2959.0
Ảnh,10:19,1178301.0,114903.0,124491.0,44691.0
Video,12:21,435151.0,27551.0,40505.0,19361.0
Video,15:52,165095.0,9144.0,11942.0,4363.0
Ảnh,17:00,57474.0,3001.0,6176.0,4097.0
Ảnh,18:01,42912.0,937.0,2357.0,1790.0
Ảnh,19:00,852392.0,43999.0,53172.0,21657.0
Video,20:00,13308.0,102.0,313.0,44.0
Ảnh,20:44,38799.0,1048.0,1626.0,850.0
Ảnh,20:58,26544.0,424.0,863.0,548.0
Ảnh,21:09,152589.0,8617.0,12042.0,5893.0
Video,21:34,693149.0,63683.0,67238.0,16336.0
Ảnh,12:15,126492.0,4978.0,10415.0,7176.0
Video,16:00,236758.0,18637.0,19986.0,3174.0
Ảnh,16:30,41466.0,1368.0,1815.0,822.0
Video,17:00,685658.0,27060.0,40650.0,18365.0
Video,17:30,2058315.0,176809.0,185770.0,39488.0
Video,18:01,277901.0,29588.0,28026.0,4941.0
Ảnh,18:30,235970.0,13908.0,21458.0,11802.0
Ảnh,19:00,126593.0,18168.0,18531.0,4168.0
Ảnh,19:41,1127103.0,88444.0,94320.0,27782.0
Ảnh,20:28,103153.0,5958.0,8084.0,3550.0
Ảnh,21:10,69252.0,2671.0,4283.0,2358.0
Ảnh,21:29,710962.0,84275.0,84539.0,17508.0
Video,21:36,245259.0,17539.0,17418.0,1685.0
Video,12:29,88782.0,5474.0,5593.0,683.0
Ảnh,13:00,74197.0,2440.0,5174.0,3466.0
Ảnh,19:03,94634.0,6469.0,8522.0,3383.0
Ảnh,20:00,46023.0,2248.0,3221.0,1741.0
Ảnh,20:36,81261.0,3082.0,5171.0,3033.0
Ảnh,20:48,55417.0,1341.0,3259.0,2259.0
Ảnh,21:08,75077.0,3015.0,4806.0,2336.0
Ảnh,10:56,550182.0,23718.0,40449.0,27958.0
Ảnh,11:31,191669.0,14237.0,19054.0,9634.0
Video,12:00,50760.0,1896.0,2959.0,1454.0
Video,16:53,522615.0,49006.0,49041.0,8612.0
Video,18:00,1204412.0,81817.0,87306.0,20871.0
Video,19:00,995225.0,102009.0,105361.0,16273.0
Ảnh,20:00,351572.0,17114.0,19834.0,6322.0
Ảnh,21:18,115236.0,5852.0,9645.0,4978.0
Ảnh,21:23,13245.0,149.0,428.0,304.0
Video,08:43,1023313.0,71069.0,77981.0,18514.0
Video,09:30,62722.0,4111.0,5473.0,2006.0
Ảnh,13:56,78096.0,2474.0,4307.0,2556.0
Ảnh,15:00,162691.0,6461.0,11675.0,7091.0
Ảnh,16:00,206062.0,14650.0,16799.0,6139.0
Video,19:00,504229.0,47663.0,54772.0,15271.0
Video,20:01,88846.0,5086.0,6861.0,2570.0
Ảnh,10:36,109557.0,4336.0,5157.0,1610.0
Video,11:58,1941767.0,137730.0,169593.0,56596.0
Video,15:56,13279.0,403.0,731.0,432.0
Ảnh,16:29,517670.0,49323.0,49233.0,9862.0
Ảnh,17:13,21706.0,505.0,943.0,6883.051666666666
Ảnh,18:01,4068333.0,187686.0,248811.0,131101.0
Video,18:51,110795.0,8962.0,10129.0,2752.0
Video,19:34,969355.0,73682.0,83666.0,19833.0
Ảnh,20:00,73106.0,1279.0,2734.0,1740.0
Ảnh,20:28,126987.0,6440.0,8199.0,3475.0
Video,08:48,142184.0,8083.0,9941.0,3120.0
Video,12:19,95941.0,4533.0,5927.0,1860.0
Video,14:55,159215.0,7298.0,10176.0,4135.0
Ảnh,17:30,133978.0,5374.0,6819.0,2660.0
Video,20:00,231417.0,11883.0,16157.0,6627.0
Ảnh,21:00,10865.0,111.0,250.0,151.0
Video,21:00,138317.0,7132.0,14318.0,8687.0
Ảnh,22:00,177974.0,15047.0,14519.0,3995.0
Ảnh,22:27,39396.0,4761.0,4902.0,1712.0
Ảnh,22:29,174606.0,11414.0,13496.0,5060.0
Video,10:05,155133.0,9008.0,11464.0,3441.0
Video,12:00,46897.0,1816.0,2155.0,540.0
Ảnh,12:30,185379.0,12125.0,16304.0,7786.0
Ảnh,15:00,91802.0,5347.0,5640.0,1551.0
Ảnh,17:00,66494.0,6880.0,7990.0,2808.0
Ảnh,20:00,240337.0,20992.0,22788.0,7252.0
Video,16:07,222822.0,8469.0,10336.0,3023.0
Video,17:00,110872.0,5535.0,6281.0,1568.0
Ảnh,17:30,183748.0,15288.0,15570.0,3372.0
Ảnh,18:00,40772.0,1149.0,1485.0,718.0
Ảnh,19:00,88378.0,3649.0,6786.0,4155.0
Ảnh,20:00,60507.0,1485.0,3340.0,2259.0
Ảnh,20:30,229990.0,20754.0,23644.0,8242.0
Ảnh,21:06,260642.0,7686.0,9986.0,4243.0
Ảnh,21:30,114425.0,7913.0,8931.0,3223.0
Video,22:32,231210.0,14379.0,17824.0,5467.0
Video,12:35,17442.0,738.0,1039.0,422.0
Video,13:00,76098.0,2971.0,3968.0,1406.0
Ảnh,16:00,50391.0,3030.0,4349.0,2685.0
Ảnh,18:30,31060.0,382.0,770.0,464.0
Video,20:00,340671.0,19153.0,26335.0,11016.0
Video,16:55,568159.0,35471.0,47872.0,17652.0
Ảnh,17:30,128544.0,13405.0,16967.0,7394.0
Ảnh,19:00,118576.0,6950.0,9723.0,5445.0
Video,18:00,15354.0,474.0,1051.0,688.0
Ảnh,15:07,88340.0,3396.0,5435.0,2684.0
Ảnh,14:26,58498.0,2586.0,4082.0,2340.0
Video,12:15,102170.0,4951.0,6500.0,2133.0
Video,18:00,205648.0,9766.0,11893.0,3762.0
Ảnh,17:31,202835.0,12278.0,17127.0,9557.0
Ảnh,16:06,33115.0,1621.0,3434.0,2389.0
Ảnh,12:27,29332.0,715.0,1290.0,797.0
Ảnh,10:07,21783.0,466.0,635.0,253.0
Video,09:34,185015.0,13675.0,16414.0,5316.0
Video,21:30,84968.0,3535.0,5483.0,2609.0
Ảnh,21:01,172073.0,16424.0,20415.0,8004.0
Ảnh,20:24,35889.0,693.0,1258.0,777.0
Ảnh,20:00,155959.0,6340.0,8221.0,3406.0
Video,18:30,194392.0,8911.0,12770.0,5385.0
Ảnh,18:01,96874.0,1725.0,2749.0,1280.0
Video,16:06,170639.0,8566.0,12875.0,6021.0
Ảnh,12:13,108462.0,5343.0,9433.0,5474.0
Ảnh,07:46,131469.0,11911.0,14955.0,6591.0
Ảnh,23:42,100780.0,5441.0,6244.0,1995.0
Ảnh,20:30,69755.0,1809.0,2670.0,1307.0
Video,20:00,180448.0,7773.0,9575.0,2532.0
Ảnh,17:31,595746.0,70251.0,68267.0,17283.0
Video,12:40,37604.0,1267.0,2193.0,1425.0
Video,22:47,438768.0,37001.0,43469.0,13136.0
Ảnh,21:30,87336.0,16459.0,18683.0,6467.0
Video,21:26,109963.0,6306.0,7946.0,2541.0
Ảnh,21:00,588237.0,46993.0,56453.0,21324.0
Video,20:30,9509.0,28.0,56.0,30.0
Video,20:01,129384.0,7958.0,10155.0,3607.0
Ảnh,19:41,24119.0,815.0,931.0,280.0
Ảnh,18:46,28098.0,541.0,1173.0,811.0
Ảnh,17:00,105882.0,5177.0,7414.0,3680.0
Ảnh,16:00,83492.0,4259.0,7067.0,4280.0
Ảnh,13:24,126466.0,13160.0,17235.0,8470.0
Ảnh,12:48,105857.0,16352.0,20321.0,10126.0
Ảnh,12:25,317616.0,32135.0,31341.0,5570.0
Video,18:30,834205.0,51313.0,59435.0,19239.0
Video,18:01,11989.0,152.0,525.0,411.0
Video,17:34,657063.0,57292.0,56452.0,9448.0
Ảnh,16:33,16125.0,201.0,457.0,6883.051666666666
Ảnh,16:00,168310.0,18739.0,16922.0,2426.0
Ảnh,15:00,18961.0,366.0,764.0,504.0
Ảnh,12:34,122845.0,8789.0,16472.0,10624.0
Ảnh,11:20,83197.0,3501.0,6145.0,3473.0
Video,21:09,67475.0,3106.0,5394.0,2827.0
Video,19:15,14251.0,346.0,750.0,484.0
Video,18:31,314246.0,21699.0,25244.0,6770.0
Ảnh,13:30,112450.0,5140.0,8788.0,5462.0
Ảnh,08:12,22604.0,240.0,419.0,223.0
Video,21:30,26155.0,858.0,1277.0,621.0
Ảnh,21:00,180124.0,9842.0,12920.0,7224.0
Video,20:30,246373.0,15420.0,21507.0,8585.0
Ảnh,20:00,45485.0,1945.0,2784.0,1270.0
Video,19:31,402350.0,35176.0,50012.0,22729.0
Video,19:06,1470131.0,88577.0,116829.0,42149.0
Video,18:02,2132683.0,239249.0,251236.0,48672.0
Ảnh,17:30,75252.0,4844.0,7829.0,4685.0
Video,15:12,41243.0,2221.0,3975.0,2246.0
Video,10:25,417705.0,29553.0,37406.0,11272.0
Ảnh,19:01,87178.0,3154.0,5757.0,3193.0
Ảnh,19:00,118577.0,7378.0,7931.0,2633.0
Video,18:00,51036.0,2648.0,3948.0,2245.0
Ảnh,16:35,19752.0,329.0,620.0,353.0
Ảnh,13:03,45693.0,1348.0,3840.0,2902.0
Ảnh,09:05,506193.0,60353.0,65562.0,20301.0
Ảnh,20:53,26579.0,1887.0,2127.0,619.0
Video,19:00,205869.0,11776.0,14551.0,4610.0
Ảnh,18:00,1380053.0,121097.0,143876.0,44664.0
Ảnh,16:45,52253.0,1999.0,3954.0,2658.0
Ảnh,14:32,422778.0,23198.0,33469.0,18102.0
Video,12:30,315558.0,23157.0,25684.0,5258.0
Ảnh,12:00,59617.0,2833.0,3391.0,1375.0
Ảnh,11:30,19015.0,468.0,940.0,6883.051666666666
Ảnh,09:00,799198.0,59881.0,66440.0,24814.0
Ảnh,07:40,188060.0,16612.0,21671.0,9700.0
Ảnh,23:17,17717.0,369.0,814.0,515.0
Video,21:30,323755.0,25809.0,29735.0,8793.0
Ảnh,21:00,181591.0,8211.0,14594.0,8665.0
Video,20:50,346908.0,23246.0,28700.0,9849.0
Video,20:30,590924.0,46479.0,55031.0,16835.0
Ảnh,20:00,67064.0,1513.0,3776.0,2870.0
Video,19:30,71313.0,2592.0,3439.0,1057.0
Video,19:00,258384.0,18020.0,18247.0,3045.0
Ảnh,18:30,15034.0,569.0,1277.0,971.0
Video,22:00,322779.0,22609.0,28214.0,10456.0
Ảnh,21:30,177258.0,11314.0,10880.0,1246.0
Video,21:42,272159.0,24923.0,25227.0,4049.0
Ảnh,20:42,27530.0,1073.0,1322.0,481.0
Ảnh,20:30,30106.0,1681.0,2444.0,1143.0
Ảnh,20:10,23738.0,491.0,909.0,555.0
Video,19:00,236722.0,11501.0,16929.0,6953.0
Ảnh,18:20,105774.0,10723.0,13303.0,5059.0
Video,15:38,867727.0,97090.0,99382.0,22466.0
Ảnh,18:00,175702.0,5901.0,13739.0,10113.0
Ảnh,11:55,133732.0,13865.0,18339.0,9080.0
Ảnh,10:20,272755.0,24325.0,24995.0,5361.0
Video,21:35,41001.0,1354.0,1956.0,799.0
Video,21:11,942417.0,72283.0,87206.0,26915.0
Video,16:00,141337.0,11445.0,12287.0,2993.0
Video,15:00,313667.0,16833.0,19544.0,5133.0
Video,12:00,1014806.0,108920.0,126694.0,42014.0
Video,18:00,871140.0,58380.0,73025.0,26342.0
Ảnh,18:00,69804.0,4787.0,6748.0,3301.0
Ảnh,13:25,27305.0,652.0,1164.0,707.0
Ảnh,12:07,151493.0,3931.0,7425.0,5099.0
Video,21:00,45664.0,1621.0,2234.0,896.0
Ảnh,21:30,49921.0,1423.0,2022.0,999.0
Video,20:00,107394.0,6200.0,8357.0,3316.0
Video,19:00,708093.0,68871.0,85258.0,26070.0
Ảnh,20:00,224627.37346437346,356.0,852.0,604.0
Video,19:00,275793.0,15978.0,18039.0,4254.0
Video,18:11,34678.0,3075.0,3583.0,1167.0
Ảnh,18:11,908471.0,85385.0,104545.0,50162.0
Ảnh,17:28,325384.0,7385.0,16154.0,11607.0
Ảnh,16:43,40180.0,1379.0,2591.0,1618.0
Ảnh,12:18,143087.0,7947.0,8991.0,2981.0
Ảnh,20:00,615791.0,54878.0,56385.0,10858.0
Ảnh,18:54,33776.0,1087.0,1595.0,736.0
Ảnh,17:35,571808.0,33675.0,43101.0,19296.0
Ảnh,16:36,32962.0,983.0,2115.0,1483.0
Ảnh,16:00,217534.0,12544.0,13841.0,4947.0
Video,15:00,32112.0,1189.0,1707.0,741.0
Ảnh,14:13,118720.0,7659.0,9952.0,4582.0
Video,12:44,1313095.0,113485.0,121729.0,34874.0
Ảnh,12:00,5313389.0,1196629.0,1007106.0,165344.0
